Bacteria,Firmicutes,Bacilli,Lactobacillales,Streptococcaceae,Streptococcus,NA,TACGTAGGTCCCGAGCGTTGTCCGGATTTATTGGGCGTAAAGCGAGCGCAGGCGGTTAGATAAGTCTGAAGTTAAAGGCTGTGGCTTAACCATAGTACGCTTTGGAAACTGTTTAACTTGAGTGCAAGAGGGGAGAGTGGAATTCCATGTGTAGCGGTGAAATGCGTAGATATATGGAGGAACACCGGTGGCGAAAGCGGCTCTCTGGCTTGTAACTGACGCTGAGGCTCGAAAGCGTGGGGAGCAAACAGG,ASV1
Bacteria,Proteobacteria,Gammaproteobacteria,Pasteurellales,Pasteurellaceae,Haemophilus,NA,TACGGAGGGTGCGAGCGTTAATCGGAATAACTGGGCGTAAAGGGCACGCAGGCGGTGACTTAAGTGAGGTGTGAAAGCCCCGGGCTTAACCTGGGAATTGCATTTCATACTGGGTCGCTAGAGTACTTTAGGGAGGGGTAGAATTCCACGTGTAGCGGTGAAATGCGTAGAGATGTGGAGGAATACCGAAGGCGAAGGCAGCCCCTTGGGAATGTACTGACGCTCATGTGCGAAAGCGTGGGGAGCAAACAGG,ASV2
Bacteria,Firmicutes,Negativicutes,Veillonellales-Selenomonadales,Veillonellaceae,Veillonella,dispar/parvula,TACGTAGGTGGCAAGCGTTGTCCGGAATTATTGGGCGTAAAGCGCGCGCAGGCGGATAGGTCAGTCTGTCTTAAAAGTTCGGGGCTTAACCCCGTGATGGGATGGAAACTGCCAATCTAGAGTATCGGAGAGGAAAGTGGAATTCCTAGTGTAGCGGTGAAATGCGTAGATATTAGGAAGAACACCAGTGGCGAAGGCGACTTTCTGGACGAAAACTGACGCTGAGGCGCGAAAGCCAGGGGAGCGAACGGG,ASV3
Bacteria,Firmicutes,Negativicutes,Veillonellales-Selenomonadales,Veillonellaceae,Veillonella,atypica/dispar,TACGTAGGTGGCAAGCGTTGTCCGGAATTATTGGGCGTAAAGCGCGCGCAGGCGGATTGGTCAGTCTGTCTTAAAAGTTCGGGGCTTAACCCCGTGATGGGATGGAAACTGCCAATCTAGAGTATCGGAGAGGAAAGTGGAATTCCTAGTGTAGCGGTGAAATGCGTAGATATTAGGAAGAACACCAGTGGCGAAGGCGACTTTCTGGACGAAAACTGACGCTGAGGCGCGAAAGCCAGGGGAGCGAACGGG,ASV4
Bacteria,Proteobacteria,Gammaproteobacteria,Burkholderiales,Neisseriaceae,Neisseria,NA,TACGTAGGGTGCGAGCGTTAATCGGAATTACTGGGCGTAAAGCGGGCGCAGACGGTTACTTAAGCAGGATGTGAAATCCCCGGGCTCAACCTGGGAACTGCGTTCTGAACTGGGTGACTAGAGTGTGTCAGAGGGAGGTAGAATTCCACGTGTAGCAGTGAAATGCGTAGAGATGTGGAGGAATACCGATGGCGAAGGCAGCCTCCTGGGATAACACTGACGTTCATGCCCGAAAGCGTGGGTAGCAAACAGG,ASV5
Bacteria,Bacteroidota,Bacteroidia,Bacteroidales,Prevotellaceae,Prevotella,melaninogenica,TACGGAAGGTCCAGGCGTTATCCGGATTTATTGGGTTTAAAGGGAGCGTAGGCTGGAGATTAAGTGTGTTGTGAAATGTAGACGCTCAACGTCTGAATTGCAGCGCATACTGGTTTCCTTGAGTACGCACAACGTTGGCGGAATTCGTCGTGTAGCGGTGAAATGCTTAGATATGACGAAGAACTCCGATTGCGAAGGCAGCTGACGGGAGCGCAACTGACGCTTAAGCTCGAAGGTGCGGGTATCAAACAGG,ASV6
Bacteria,Actinobacteriota,Actinobacteria,Corynebacteriales,Corynebacteriaceae,Corynebacterium,matruchotii,TACGTAGGGTGCGAGCGTTGTCCGGAATTACTGGGCGTAAAGAGCTCGTAGGTGGTTTGTTGCGTCGTCTGTGAAATTCCGGGGCTTAACTTCGGGGTGGCAGGCGATACGGGCATAACTAGAGTGCTGTAGGGGAGACTGGAATTCCTGGTGTAGCGGTGGAATGCGCAGATATCAGGAGGAACACCGATGGCGAAGGCAGGTCTCTGGGCAGTAACTGACGCTGAGGAGCGAAAGCATGGGGAGCGAACAGG,ASV7
Bacteria,Proteobacteria,Gammaproteobacteria,Burkholderiales,Neisseriaceae,Neisseria,NA,TACGTAGGGTGCGAGCGTTAATCGGAATTACTGGGCGTAAAGCGAGCGCAGACGGTTACTTAAGCAGGATGTGAAATCCCCGGGCTCAACCTGGGAACTGCGTTCTGAACTGGGTGACTAGAGTGTGTCAGAGGGAGGTAGAATTCCACGTGTAGCAGTGAAATGCGTAGAGATGTGGAGGAATACCGATGGCGAAGGCAGCCTCCTGGGATAACACTGACGTTCATGCTCGAAAGCGTGGGTAGCAAACAGG,ASV8
Bacteria,Firmicutes,Bacilli,Lactobacillales,Streptococcaceae,Streptococcus,NA,TACGTAGGTCCCGAGCGTTGTCCGGATTTATTGGGCGTAAAGCGAGCGCAGGCGGTTTGATAAGTCTGAAGTTAAAGGCTGTGGCTCAACCATAGTTCGCTTTGGAAACTGTCAAACTTGAGTGCAGAAGGGGAGAGTGGAATTCCATGTGTAGCGGTGAAATGCGTAGATATATGGAGGAACACCGGTGGCGAAAGCGGCTCTCTGGTCTGTAACTGACGCTGAGGCTCGAAAGCGTGGGGAGCGAACAGG,ASV9
Bacteria,Firmicutes,Negativicutes,Veillonellales-Selenomonadales,Veillonellaceae,Veillonella,parvula/rogosae/tobetsuensis,TACGTAGGTGGCAAGCGTTGTCCGGAATTATTGGGCGTAAAGCGCGCGCAGGCGGATCAGTCAGTCTGTCTTAAAAGTTCGGGGCTTAACCCCGTGATGGGATGGAAACTGCTGATCTAGAGTATCGGAGAGGAAAGTGGAATTCCTAGTGTAGCGGTGAAATGCGTAGATATTAGGAAGAACACCAGTGGCGAAGGCGACTTTCTGGACGAAAACTGACGCTGAGGCGCGAAAGCCAGGGGAGCGAACGGG,ASV10
Bacteria,Proteobacteria,Gammaproteobacteria,Pasteurellales,Pasteurellaceae,Haemophilus,haemolyticus/influenzae/parainfluenzae,TACGGAGGGTGCGAGCGTTAATCGGAATAACTGGGCGTAAAGGGCACGCAGGCGGTTATTTAAGTGAGGTGTGAAAGCCCCGGGCTTAACCTGGGAATTGCATTTCAGACTGGGTAACTAGAGTACTTTAGGGAGGGGTAGAATTCCACGTGTAGCGGTGAAATGCGTAGAGATGTGGAGGAATACCGAAGGCGAAGGCAGCCCCTTGGGAATGTACTGACGCTCATGTGCGAAAGCGTGGGGAGCAAACAGG,ASV11
Bacteria,Firmicutes,Bacilli,Staphylococcales,Gemellaceae,Gemella,NA,TACGTAGGTGGCAAGCGTTGTCCGGAATTATTGGGCGTAAAGCGCGCGCAGGTGGTTTAATAAGTCTGATGTGAAAGCCCACGGCTCAACCGTGGAGGGTCATTGGAAACTGTTAAACTTGAGTGCAGGAGAGAAAAGTGGAATTCCTAGTGTAGCGGTGAAATGCGTAGAGATTAGGAGGAACACCAGTGGCGAAGGCGGCTTTTTGGCCTGTAACTGACACTGAGGCGCGAAAGCGTGGGGAGCAAACAGG,ASV12
Bacteria,Actinobacteriota,Actinobacteria,Micrococcales,Micrococcaceae,Rothia,dentocariosa,TACGTAGGGCGCGAGCGTTGTCCGGAATTATTGGGCGTAAAGAGCTTGTAGGCGGTTGGTCGCGTCTGCTGTGAAAGGCTGGGGCTTAACCCTGGTTTTGCAGTGGGTACGGGCTAACTAGAGTGCAGTAGGGGAGACTGGAATTCCTGGTGTAGCGGTGGAATGCGCAGATATCAGGAGGAACACCGATGGCGAAGGCAGGTCTCTGGGCTGTAACTGACGCTGAGAAGCGAAAGCATGGGGAGCGAACAGG,ASV13
Bacteria,Actinobacteriota,Actinobacteria,Actinomycetales,Actinomycetaceae,Actinomyces,naeslundii/oris/viscosus,TACGTAGGGCGCGAGCGTTGTCCGGAATTATTGGGCGTAAAGAGCTCGTAGGCGGCTGGTCGCGTCTGTCGTGAAATCCTCTGGCTTAACTGGGGGCTTGCGGTGGGTACGGGCCGGCTTGAGTGCGGTAGGGGAGACTGGAACTCCTGGTGTAGCGGTGGAATGCGCAGATATCAGGAAGAACACCGGTGGCGAAGGCGGGTCTCTGGGCCGTTACTGACGCTGAGGAGCGAAAGCGTGGGGAGCGAACAGG,ASV14
Bacteria,Firmicutes,Bacilli,Lactobacillales,Streptococcaceae,Streptococcus,cristatus/sanguinis,TACGTAGGTCCCGAGCGTTGTCCGGATTTATTGGGCGTAAAGCGAGCGCAGGCGGTTAGATAAGTCTGAAGTTAAAGGCTGTGGCTTAACCATAGTATGCTTTGGAAACTGTTTAACTTGAGTGCAGAAGGGGAGAGTGGAATTCCATGTGTAGCGGTGAAATGCGTAGATATATGGAGGAACACCGGTGGCGAAAGCGGCTCTCTGGTCTGTAACTGACGCTGAGGCTCGAAAGCGTGGGGAGCAAACAGG,ASV15
Bacteria,Bacteroidota,Bacteroidia,Bacteroidales,Prevotellaceae,Prevotella,histicola,TACGGAAGGTCCGGGCGTTATCCGGATTTATTGGGTTTAAAGGGAGCGTAGGCTGGAGATTAAGTGTGTTGTGAAATGTAGACGCTCAACGTCTGACTTGCAGCGCATACTGGTTTCCTTGAGTACGCACAACGTTGGCGGAATTCGTCGTGTAGCGGTGAAATGCTTAGATATGACGAAGAACTCCGATTGCGAAGGCAGCTGACGGGAGCGCAACTGACGCTGAAGCTCGAAGGTGCGGGTATCGAACAGG,ASV16
Bacteria,Bacteroidota,Bacteroidia,Bacteroidales,Porphyromonadaceae,Porphyromonas,pasteri,TACGGAGGATGCGAGCGTTATCCGGATTTATTGGGTTTAAAGGGTGCGTAGGCGGCCTGTTAAGTCAGCGGTGAAATCTAGGAGCTTAACTCCTAAATTGCCATTGATACTGGCGGGCTTGAGTGTAGATGAGGTAGGCGGAATGCGTGGTGTAGCGGTGGAATGCATAGATATCACGCAGAACTCCGATTGCGAAGGCAGCTTACTAAGGTACAACTGACGCTGAAGCACGAAAGCGTGGGTATCAAACAGG,ASV17
Bacteria,Bacteroidota,Bacteroidia,Bacteroidales,Prevotellaceae,Prevotella,nigrescens,TACGGAAGGTCCGGGCGTTATCCGGATTTATTGGGTTTAAAGGGAGTGTAGGCGGTCTGTTAAGCGTGTTGTGAAATTTAGGTGCTCAACATTTAACTTGCAGCGCGAACTGTCAGACTTGAGTACACGCAGCGCAGGCGGAATTCATGGTGTAGCGGTGAAATGCTTAGATATCATGAGGAACTCCGATCGCGAAGGCAGCCTGCGGGAGTGTTACTGACGCTTAAGCTCGAAGGTGCGGGTATCGAACAGG,ASV18
Bacteria,Proteobacteria,Gammaproteobacteria,Pasteurellales,Pasteurellaceae,Aggregatibacter,segnis,TACGGAGGGTGCGAGCGTTAATCGGAATAACTGGGCGTAAAGGGCACGCAGGCGGCTATTTAAGTGAGGTGTGAAATCCCCGGGCTTAACCTGGGAATTGCATTTCAGACTGGGTAGCTAGAGTACTTTAGGGAGGGGTAGAATTCCACGTGTAGCGGTGAAATGCGTAGAGATGTGGAGGAATACCGAAGGCGAAGGCAGCCCCTTGGGAATGTACTGACGCTCATGTGCGAAAGCGTGGGGAGCAAACAGG,ASV20
Bacteria,Actinobacteriota,Actinobacteria,Actinomycetales,Actinomycetaceae,Actinomyces,odontolyticus,TACGTAGGGCGCGAGCGTTGTCCGGAATTATTGGGCGTAAAGGGCTTGTAGGCGGTTGGTCGCGTCTGCCGTGAAATCCTCTGGCTTAACTGGGGGCGTGCGGTGGGTACGGGCTGACTTGAGTGCGGTAGGGGAGACTGGAACTCCTGGTGTAGCGGTGGAATGCGCAGATATCAGGAAGAACACCGGTGGCGAAGGCGGGTCTCTGGGCCGTTACTGACGCTGAGGAGCGAAAGCGTGGGGAGCGAACAGG,ASV21
Bacteria,Fusobacteriota,Fusobacteriia,Fusobacteriales,Fusobacteriaceae,Fusobacterium,canifelinum/nucleatum,TACGTATGTCACAAGCGTTATCCGGATTTATTGGGCGTAAAGCGCGTCTAGGTGGTTATGTAAGTCTGATGTGAAAATGCAGGGCTCAACTCTGTATTGCGTTGGAAACTGTGTAACTAGAGTACTGGAGAGGTAAGCGGAACTACAAGTGTAGAGGTGAAATTCGTAGATATTTGTAGGAATGCCGATGGGGAAGCCAGCTTACTGGACAGATACTGACGCTGAAGCGCGAAAGCGTGGGTAGCAAACAGG,ASV22
Bacteria,Fusobacteriota,Fusobacteriia,Fusobacteriales,Leptotrichiaceae,Leptotrichia,NA,TACGTATGTCGCAAGCGTTATCCGGAATTATTGGGCATAAAGGGCATCTAGGCGGCCAGATAAGTCTGGGGTGAAAACTTGCGGCTCAACCGCAAGCCTGCCCTGGAAACTATGTGGCTAGAGTACTGGAGAGGTGGACGGAACTGCACGAGTAGAGGTGAAATTCGTAGATATGTGCAGGAATGCCGATGATGAAGATAGTTCACTGGACGGTAACTGACGCTGAAGTGCGAAAGCTAGGGGAGCAAACAGG,ASV23
Bacteria,Fusobacteriota,Fusobacteriia,Fusobacteriales,Leptotrichiaceae,Leptotrichia,hongkongensis,TACGTATGTCGCAAGCGTTATCCGGAATTATTGGGCATAAAGGGCATCTAGGCGGCCCTGTAAGTCTAGGGTGAAAACCTGCGGCTCAACCGCAGGCCTGCCCCGGAAACTACAGGGCTAGAGTATCGGAGAGGTGGACGGAACTGCACGAGTAGAGGTGAAATTCGTAGATATGTGCAGGAATGCCGATGATGAAGATAGTTCACTGGACGGTAACTGACGCTGAAGTGCGAAAGCTAGGGGAGCAAACAGG,ASV24
Bacteria,Fusobacteriota,Fusobacteriia,Fusobacteriales,Fusobacteriaceae,Fusobacterium,nucleatum,TACGTATGTCACGAGCGTTATCCGGATTTATTGGGCGTAAAGCGCGTCTAGGTGGTTATGTAAGTCTGATGTGAAAATGCAGGGCTCAACTCTGTATTGCGTTGGAAACTGTATAACTAGAGTACTGGAGAGGTAAGCGGAACTACAAGTGTAGAGGTGAAATTCGTAGATATTTGTAGGAATGCCGATGGGGAAGCCAGCTTACTGGACAGATACTGACGCTAAAGCGCGAAAGCGTGGGTAGCAAACAGG,ASV26
Bacteria,Firmicutes,Negativicutes,Veillonellales-Selenomonadales,Veillonellaceae,Veillonella,massiliensis,TACGTAGGTGGCAAGCGTTGTCCGGAATTATTGGGCGTAAAGCGCGCGCAGGCGGCCTATCCAGTCTGTCTTAAAAGTTCGGGGCTCAACCCCGTGATGGGATGGAAACTAGTAGGCTAGAGTATCGGAGAGGAAAGCGGAATTCCTAGTGTAGCGGTGAAATGCGTAGATATTAGGAAGAACACCAGTGGCGAAGGCGGCTTTCTGGACGAAAACTGACGCTGAGGCGCGAAAGCCAGGGGAGCGAACGGG,ASV28
Bacteria,Firmicutes,Bacilli,Lactobacillales,Carnobacteriaceae,Granulicatella,elegans,TACGTAGGTGGCAAGCGTTGTCCGGATTTATTGGGCGTAAAGCGAGCGCAGGCGGTCAATTAAGTCTGATGTGAAAGCCCCCGGCTCAACCGGGGAGGGTCATTGGAAACTGGTTGACTTGAGTGCAGAAGAGGAGAGTGGAATTCCATGTGTAGCGGTGAAATGCGTAGATATATGGAGGAACACCAGTGGCGAAGGCGACTCTCTGGTCTGTAACTGACGCTGAGGCTCGAAAGCGTGGGTAGCAAACAGG,ASV29
Bacteria,Bacteroidota,Bacteroidia,Bacteroidales,Prevotellaceae,Alloprevotella,NA,TACGGAAGGTCCAGGCGTTATCCGGATTTATTGGGTTTAAAGGGAGCGTAGGCGGATTATTAAGTCAGTGGTGAAAGACGGTGGCTCAACCATCGTTAGCCATTGAAACTGGTAGTCTTGAGTGCAGACAGGGATGCTGGAACTCGTGGTGTAGCGGTGAAATGCTTAGATATCACGATGAACTCCGATCGCGAAGGCAGGTGTCCGGGCTGCAACTGACGCTGAGGCTCGAAAGTGTGGGTATCAAACAGG,ASV30
Bacteria,Firmicutes,Bacilli,Lactobacillales,Carnobacteriaceae,Granulicatella,adiacens/para-adiacens,TACGTAGGTGGCAAGCGTTGTCCGGATTTATTGGGCGTAAAGCGAGCGCAGGCGGTTCCTTAAGTCTGATGTGAAAGCCCCCGGCTCAACCGGGGAGGGTCATTGGAAACTGGGGAACTTGAGTGCAGAAGAGGAGAGTGGAATTCCATGTGTAGCGGTGAAATGCGTAGATATATGGAGGAACACCAGTGGCGAAGGCGACTCTCTGGTCTGTAACTGACGCTGAGGCTCGAAAGCGTGGGTAGCAAACAGG,ASV31
Bacteria,Bacteroidota,Bacteroidia,Bacteroidales,Prevotellaceae,Prevotella,melaninogenica,TACGGAAGGTCCAGGCGTTATCCGGATTTATTGGGTTTAAAGGGAGCGTAGGCTGGAGATTAAGTGTGTTGTGAAATGTAGACGCTCAACGTCTGACTTGCAGCGCATACTGGTTTCCTTGAGTACGCACAACGTTGGCGGAATTCGTCGTGTAGCGGTGAAATGCTTAGATATGACGAAGAACTCCGATTGCGAAGGCAGCTGACGGGAGCGCAACTGACGCTTAAGCTCGAAGGTGCGGGTATCAAACAGG,ASV32
Bacteria,Fusobacteriota,Fusobacteriia,Fusobacteriales,Fusobacteriaceae,Fusobacterium,periodonticum,TACGTATGTCACAAGCGTTATCCGGATTTATTGGGCGTAAAGCGCGTCTAGGTGGTTATGTAAGTCTGATGTGAAAATGCAGGGCTCAACTCTGTATTGCGTTGGAAACTGCATGACTAGAGTACTGGAGAGGTAAGCGGAACTACAAGTGTAGAGGTGAAATTCGTAGATATTTGTAGGAATGCCGATGGGGAAGCCAGCTTACTGGACAGATACTGACGCTAAAGCGCGAAAGCGTGGGTAGCAAACAGG,ASV33
Bacteria,Proteobacteria,Gammaproteobacteria,Burkholderiales,Neisseriaceae,NA,NA,TACGTAGGGTGCGAGCGTTAATCGGAATTACTGGGCGTAAAGCGAGCGCAGACGGTTACTTAAGCAGGATGTGAAATCCCCGGGCTCAACCTGGGAACTGCGTTCTGAACTGGGTAGCTAGAGTATGTCAGAGGGGGGTAGAATTCCACGTGTAGCAGTGAAATGCGTAGAGATGTGGAGGAATACCGATGGCGAAGGCAGCCCCCTGGGATAATACTGACGTTCATGCTCGAAAGCGTGGGTAGCAAACAGG,ASV34
Bacteria,Bacteroidota,Bacteroidia,Bacteroidales,Prevotellaceae,Prevotella,denticola,TACGGAAGGTCCGGGCGTTATCCGGATTTATTGGGTTTAAAGGGAGCGTAGGCCGGGGATTAAGTGTGTTGTGAAATGTAGGCGCCCAACGTCTGACTTGCAGCGCATACTGGTTCCCTTGAGTACGCGCAACGCCGGCGGAATTCGTCGTGTAGCGGTGAAATGCTTAGATATGACGAAGAACCCCGATTGCGAAGGCAGCCGGCGGGAGCGCAACTGACGCTGAAGCTCGAAGGTGCGGGTATCGAACAGG,ASV35
Bacteria,Bacteroidota,Bacteroidia,Bacteroidales,Prevotellaceae,Prevotella,jejuni/melaninogenica,TACGGAAGGTCCGGGCGTTATCCGGATTTATTGGGTTTAAAGGGAGCGTAGGCCGGAGATTAAGTGTGTTGTGAAATGTAGACGCTCAACGTCTGACTTGCAGCGCATACTGGTTTCCTTGAGTACGCACAACGTTGGCGGAATTCGTCGTGTAGCGGTGAAATGCTTAGATATGACGAAGAACTCCGATTGCGAAGGCAGCTGACGGGAGCGCAACTGACGCTTAAGCTCGAAGGTGCGGGTATCGAACAGG,ASV37
Bacteria,Actinobacteriota,Actinobacteria,Micrococcales,Micrococcaceae,Rothia,aeria/dentocariosa,TACGTAGGGCGCGAGCGTTGTCCGGAATTATTGGGCGTAAAGAGCTTGTAGGCGGTTGGTCGCGTCTGCTGTGAAAGGCCGGGGCTTAACTCCGGTTTTGCAGTGGGTACGGGCTAACTAGAGTGCAGTAGGGGAGACTGGAATTCCTGGTGTAGCGGTGGAATGCACAGATATCAGGAGGAACACCGATGGCGAAGGCAGGTCTCTGGGCTGTAACTGACGCTGAGAAGCGAAAGCATGGGGAGCGAACAGG,ASV38
Bacteria,Proteobacteria,Gammaproteobacteria,Burkholderiales,Burkholderiaceae,Lautropia,mirabilis,TACGTAGGGTGCAAGCGTTAATCGGAATTACTGGGCGTAAAGAGTGCGCAGGCGGTTTTGCAAGACCGATGTGAAATCCCCGGGCTTAACCTGGGAACTGCATTGGTGACTGCAAGGCTAGAGTGTGTCAGAGGGAGGTGGAATTCCGCATGTAGCAGTGAAATGCGTAGATATGCGGAGGAACACCGATGGCGAAGGCAGCCTCCTGGGATAACACTGACGCTCATGCACGAAAGCGTGGGGAGCAAACAGG,ASV39
Bacteria,Proteobacteria,Gammaproteobacteria,Burkholderiales,Neisseriaceae,Kingella,oralis,TACGTAGGGTGCGAGCGTTAATCGGAATTACTGGGCGTAAAGCGAGCGCAGACGGTTTATTAAGCAAGATGTGAAATCCCCGAGCTTAACTTGGGAACTGCGTTTTGAACTGGTAAGCTAGAGTATGTCAGAGGGGGGTAGAATTCCACGTGTAGCAGTGAAATGCGTAGAGATGTGGAGGAATACCGATGGCGAAGGCAGCCCCCTGGGATAATACTGACGTTCATGCTCGAAAGCGTGGGTAGCAAACAGG,ASV40
Bacteria,Actinobacteriota,Actinobacteria,Micrococcales,Micrococcaceae,Rothia,mucilaginosa,TACGTAGGGCGCGAGCGTTGTCCGGAATTATTGGGCGTAAAGAGCTTGTAGGCGGTTTGTCGCGTCTGCTGTGAAAGGCCGGGGCTTAACCCCGTGTATTGCAGTGGGTACGGGCAGACTAGAGTGCAGTAGGGGAGACTGGAATTCCTGGTGTAGCGGTGGAATGCGCAGATATCAGGAGGAACACCGATGGCGAAGGCAGGTCTCTGGGCTGTAACTGACGCTGAGAAGCGAAAGCATGGGGAGCGAACAGG,ASV42
Bacteria,Firmicutes,Bacilli,Lactobacillales,Streptococcaceae,Streptococcus,NA,TACGTAGGTCCCGAGCGTTATCCGGATTTATTGGGCGTAAAGCGAGCGCAGGCGGTTAGATAAGTCTGAAGTTAAAGGCTGTGGCTTAACCATAGTACGCTTTGGAAACTGTTTAACTTGAGTGCAGAAGGGGAGAGTGGAATTCCATGTGTAGCGGTGAAATGCGTAGATATATGGAGGAACACCGGTGGCGAAAGCGGCTCTCTGGTCTGTAACTGACGCTGAGGCTCGAAAGCGTGGGGAGCAAACAGG,ASV43
Bacteria,Proteobacteria,Gammaproteobacteria,Pasteurellales,Pasteurellaceae,Actinobacillus,NA,TACGGGGGGTGCGAGCGTTAATCGGAATAACTGGGCGTAAAGGGCACGCAGGCGGTGACTTAAGTGAGATGTGAAAGCCCCGGGCTTAACCTGGGAATTGCATTTCATACTGGGTCGCTAGAGTACTTTAGGGAGGGGTAGAATTCCACGTGTAGCGGTGAAATGCGTAGAGATGTGGAGGAATACCGAAGGCGAAGGCAGCCCCTTGGGAATGTACTGACGCTCATGTGCGAAAGCGTGGGGAGCAAACAGG,ASV44
Bacteria,Bacteroidota,Bacteroidia,Flavobacteriales,Flavobacteriaceae,Capnocytophaga,sputigena,TACGGAGGATGCGAGCGTTATCCGGAATCATTGGGTTTAAAGGGTCCGTAGGCGGGCTGATAAGTCAGAGGTGAAAGCGCTTAGCTCAACTAAGCAACTGCCTTTGAAACTGTCAGTCTTGAATGATTGTGAAGTAGTTGGAATGTGTAGTGTAGCGGTGAAATGCTTAGATATTACACAGAACACCGATAGCGAAGGCATATTACTAACAATTTATTGACGCTGATGGACGAAAGCGTGGGGAGCGAACAGG,ASV45
Bacteria,Bacteroidota,Bacteroidia,Bacteroidales,Prevotellaceae,Alloprevotella,NA,TACGGAAGGTCCAGGCGTTATCCGGATTTATTGGGTTTAAAGGGAGCGTAGGCGGATTGTTAAGTCAGCGGTTAAAGGGTGTGGCTCAACCATGCATTGCCGTTGAAACTGGCGATCTTGAGTGCAGACAGGGATGCCGGAATTCGTGGTGTAGCGGTGAAATGCTTAGATATCACGAAGAACTCCGATCGCGAAGGCAGGTGTCCGGGCTGCAACTGACGCTGAGGCTCGAAAGTGTGGGTATCAAACAGG,ASV46
Bacteria,Bacteroidota,Bacteroidia,Flavobacteriales,Flavobacteriaceae,Capnocytophaga,leadbetteri,TACGGAGGATGCGAGCGTTATCCGGAATCATTGGGTTTAAAGGGTCCGTAGGCGGGCTAATAAGTCAGAGGTGAAAGCGCTCAGCTCAACTGAGCAACTGCCTTTGAAACTGTTAGTCTTGAATGGTTGTGAAGTAGTTGGAATGTGTAGTGTAGCGGTGAAATGCTTAGATATTACACAGAACACCGATAGCGAAGGCATATTACTAACAATTAATTGACGCTGATGGACGAAAGCGTGGGGAGCGAACAGG,ASV50
Bacteria,Proteobacteria,Gammaproteobacteria,Pasteurellales,Pasteurellaceae,Aggregatibacter,aphrophilus/kilianii,TACGGAGGGTGCGAGCGTTAATCGGAATAACTGGGCGTAAAGGGCACGCAGGCGGACTTTTAAGTGAGGTGTGAAATCCCCGGGCTTAACCTGGGAATTGCATTTCAGACTGGGGGTCTAGAGTACTTTAGGGAGGGGTAGAATTCCACGTGTAGCGGTGAAATGCGTAGAGATGTGGAGGAATACCGAAGGCGAAGGCAGCCCCTTGGGAATGTACTGACGCTCATGTGCGAAAGCGTGGGGAGCAAACAGG,ASV51
Bacteria,Bacteroidota,Bacteroidia,Bacteroidales,Prevotellaceae,Prevotella,nanceiensis,TACGGAAGGTCCAGGCGTTATCCGGATTTATTGGGTTTAAAGGGTGCGTAGGCCGTTTGATAAGCGTGCTGTGAAATATAGTGGCTCAACCTCTATCGTGCAGCGCGAACTGTTGAACTTGAGTGCGTAGTAGGTAGGCGGAATTCGTGGTGTAGCGGTGAAATGCTTAGATATCACGAAGAACTCCGATTGCGAAGGCAGCTTACCGTAACGTTACTGACGCTTAAGCACGAAGGTGCGGGTATCGAACAGG,ASV53
Bacteria,Firmicutes,Negativicutes,Veillonellales-Selenomonadales,Veillonellaceae,Veillonella,atypica/parvula,TACGTAGGTGGCAAGCGTTGTCCGGAATTATTGGGCGTAAAGCGCGCGCAGGCGGATCAGTTAGTCTGTCTTAAAAGTTCGGGGCTTAACCCCGTGATGGGATGGAAACTGCTGATCTAGAGTATCGGAGAGGAAAGTGGAATTCCTAGTGTAGCGGTGAAATGCGTAGATATTAGGAAGAACACCAGTGGCGAAGGCGACTTTCTGGACGAAAACTGACGCTGAGGCGCGAAAGCCAGGGGAGCGAACGGG,ASV54
Bacteria,Actinobacteriota,Actinobacteria,Micrococcales,Micrococcaceae,Rothia,mucilaginosa,TACGTAGGGCGCGAGCGTTGTCCGGAATTATTGGGCGTAAAGAGCTTGTAGGCGGTTTGTCGCGTCTGCTGTGAAAGGCCGGAGCTTAACTCCGTGTATTGCAGTGGGTACGGGCAGACTAGAGTGCAGTAGGGGAGACTGGAATTCCTGGTGTAGCGGTGGAATGCGCAGATATCAGGAGGAACACCGATGGCGAAGGCAGGTCTCTGGGCTGTAACTGACGCTGAGAAGCGAAAGCATGGGGAGCGAACAGG,ASV55
Bacteria,Firmicutes,Negativicutes,Veillonellales-Selenomonadales,Veillonellaceae,Veillonella,NA,TACGTAGGTGGCAAGCGTTGTCCGGAATTATTGGGCGTAAAGGGCGCGCAGGCGGCTTCTTAAGTCTGTCTTAAAAGTGCGGGGCTTAACCCCGTGATGGGATGGAAACTGGGAAGCTCAGAGTATCGGAGAGGAAAGCGGAATTCCTAGTGTAGCGGTGAAATGCGTAGATATTAGGAGGAACACCAGTGGCGAAAGCGGCTTTCTGGACGAAAACTGACGCTGAGGCGCGAAAGCCAGGGGAGCGAACGGG,ASV56
Bacteria,Actinobacteriota,Actinobacteria,Actinomycetales,Actinomycetaceae,Actinomyces,NA,TACGTAGGGCGCGAGCGTTGTCCGGAATTATTGGGCGTAAAGGGCTTGTAGGCGGTTGGTCGCGTCTGCCGTGAAATTCTCTGGCTTAACTGGGGGCGTGCGGTGGGTACGGGCTGACTTGAGTGCGGTAGGGGAGACTGGAACTCCTGGTGTAGCGGTGGAATGCGCAGATATCAGGAAGAACACCGGTGGCGAAGGCGGGTCTCTGGGCCGTTACTGACGCTGAGGAGCGAAAGCGTGGGGAGCGAACAGG,ASV57
Bacteria,Bacteroidota,Bacteroidia,Bacteroidales,Prevotellaceae,NA,NA,TACGGAAGGTCCGGGCGTTATCCGGATTTATTGGGTTTAAAGGGAGCGTAGGCCGTGGATTAAGCGTGTTGTGAAATGCAGGTGCTCAACGTCTGCACTGCAGCGCGAACTGGTCCACTTGAGTGTGCGCAACGCAGGCGGAATTCGTCGTGTAGCGGTGAAATGCTTAGATATGACGAAGAACTCCGATTGCGAAGGCAGCTTGCGGGAGCACAACTGACGCTGAAGCTCGAAAGTGCGGGTATCGAACAGG,ASV58
Bacteria,Bacteroidota,Bacteroidia,Flavobacteriales,Flavobacteriaceae,Capnocytophaga,gingivalis,TACGGAGGATGCGAGCGTTATTCGGAATCATTGGGTTTAAAGGGTCTGTAGGCGGGCTATTAAGTCAGGGGTGAAAGGTTTCAGCTTAACTGAGAAATTGCCTTTGATACTGGTAGTCTTGAATATCTGTGAAGTTCTTGGAATGTGTAGTGTAGCGGTGAAATGCTTAGATATTACACAGAACACCGATTGCGAAGGCAGGGGACTAACAGACAATTGACGCTGAGAGACGAAAGCGTGGGGAGCGAACAGG,ASV59
Bacteria,Proteobacteria,Gammaproteobacteria,Cardiobacteriales,Cardiobacteriaceae,Cardiobacterium,hominis,TACGGAGGGTGCGAGCGTTATTCGGAATTACTGGGCGTAAAGCGCACGCAGGCGGTTGCCCAAGTCAGATGTGAAAGCCCCGGGCTTAACCTGGGAACTGCATTTGAAACTGGGCGACTAGAGTATGAAAGAGGAAAGCGGAATTTCCAGTGTAGCAGTGAAATGCGTAGATATTGGAAGGAACACCGATGGCGAAGGCAGCTTTCTGGGTCGATACTGACGCTCATGTGCGAAAGCGTGGGGAGCAAACAGG,ASV61
Bacteria,Actinobacteriota,Actinobacteria,Corynebacteriales,Corynebacteriaceae,Corynebacterium,durum,TACGTAGGGTGCAAGCGTTGTCCGGATTTACTGGGCGTAAAGAGCTCGTAGGTGGTGTGTCGCGTCGTCTGTGAAATTCCGGGGCTTAACTCCGGGCGTGCAGGCGATACGGGCACGACTAGAGTGCTGTAGGGGTAACTGGAATTCCTGGTGTAGCGGTGAAATGCGCAGATATCAGGAGGAACACCGATGGCGAAGGCAGGTTACTGGGCAGTTACTGACGCTGAGGAGCGAAAGCATGGGGAGCGAACAGG,ASV63
Bacteria,Bacteroidota,Bacteroidia,Bacteroidales,Prevotellaceae,Prevotella,salivae,TACGGAAGGTCCAGGCGTTATCCGGATTTATTGGGTTTAAAGGGAGCGTAGGCCGTGGATTAAGCGTGTTGTGAAATGTAGACGCTCAACGTCTGAATTGCAGCGCGAACTGGTTCACTTGAGTATGCACAACGTAGGCGGAATTCGTCGTGTAGCGGTGAAATGCTTAGATATGACGAAGAACTCCGATTGCGAAGGCAGCTTACGGGAGCACAACTGACGCTGAAGCTCGAAGGTGCGGGTATCAAACAGG,ASV64
Bacteria,Firmicutes,Bacilli,Lactobacillales,Streptococcaceae,Streptococcus,anginosus/intermedius,TACGTAGGTCCCGAGCGTTGTCCGGATTTATTGGGCGTAAAGCGAGCGCAGGCGGTTAGATAAGTCTGAAGTTAAAGGCAGTGGCTCAACCATTGTAGGCTTTGGAAACTGTTTAACTTGAGTGCAGAAGGGGAGAGTGGAATTCCATGTGTAGCGGTGAAATGCGTAGATATATGGAGGAACACCGGTGGCGAAAGCGGCTCTCTGGTCTGTAACTGACGCTGAGGCTCGAAAGCGTGGGGAGCGAACAGG,ASV65
Bacteria,Bacteroidota,Bacteroidia,Bacteroidales,Prevotellaceae,Prevotella,pallens,TACGGAAGGTCCAGGCGTTATCCGGATTTATTGGGTTTAAAGGGAGTGTAGGCGGTTTGTTAAGCGTGTTGTGAAATTTAGGTGCTCAACATTTAACTTGCAGCGCGAACTGTCAGACTTGAGTACACGCAACGTATGCGGAATTCATGGTGTAGCGGTGAAATGCTTAGATATCATGAAGAACTCCGATTGCGAAGGCAGCATACGGGAGTGTAACTGACGCTTAAGCTCGAAGGTGCGGGTATCGAACAGG,ASV67
Bacteria,Firmicutes,Negativicutes,Veillonellales-Selenomonadales,Veillonellaceae,Dialister,invisus,TACGTAGGTGGCAAGCGTTGTCCGGAATTATTGGGCGTAAAGCGCGCGCAGGCGGCTTCCCAAGTCCCTCTTAAAAGTGCGGGGCTTAACCCCGTGATGGGAAGGAAACTGGGAAGCTGGAGTATCGGAGAGGAAAGTGGAATTCCTAGTGTAGCGGTGAAATGCGTAGAGATTAGGAAGAACACCGGTGGCGAAGGCGACTTTCTGGACGAAAACTGACGCTGAGGCGCGAAAGCGTGGGGAGCAAACAGG,ASV70
Bacteria,Bacteroidota,Bacteroidia,Bacteroidales,Prevotellaceae,Prevotella,NA,TACGGAAGGTTCGGGCGTTATCCGGATTTATTGGGTTTAAAGGGAGCGTAGGCCGGAGATTAAGTGTGTTGTGAAATGTAGACGCTCAACGTCTGACTTGCAGCGCATACTGGTTTCCTTGAGTACGCACAACGTTGGCGGAATTCGTCGTGTAGCGGTGAAATGCTTAGATATGACGAAGAACTCCGATTGCGAAGGCAGCTGACGGGAGCGCAACTGACGCTGAAGCTCGAAGGTGCGGGTATCGAACAGG,ASV77
Bacteria,Bacteroidota,Bacteroidia,Bacteroidales,Prevotellaceae,Prevotella,NA,TACGGAAGGTCCAGGCGTTATCCGGATTTATTGGGTTTAAAGGGAGTGTAGGCGGTTTGTTAAGCGTGTTGTGAAATTTAGATGCTCAACATTTAACTTGCAGCGCGAACTGTCAGACTTGAGTACACGCAACGTATGCGGAATTCATGGTGTAGCGGTGAAATGCTTAGATATCATGAAGAACTCCGATTGCGAAGGCAGCATACGGGAGTGTAACTGACGCTTAAGCTCGAAGGTGCGGGTATCGAACAGG,ASV78
Bacteria,Fusobacteriota,Fusobacteriia,Fusobacteriales,Leptotrichiaceae,Leptotrichia,NA,TACGTATGTCGCGAGCGTTATCCGGAATTATTGGGCATAAAGGGCATCTAGGCGGATATACAAGTCAGGGGTGAAAACTTAGGGCTCAACTCAAAGCTTGCCTTTGAAACTGTATATCTAGAGTGCTGGAGAGGTGGACGGAACTACACGAGTAGAGGTGAAATTCGTAGATATGTGTAGGAATGCCGATGATGAAGATAGTCCACTGGACAGCAACTGACGCTGAAGTGCGAAAGCTAGGGGAGCAAACAGG,ASV80
Bacteria,Actinobacteriota,Actinobacteria,Micrococcales,Micrococcaceae,Rothia,mucilaginosa,TACGTAGGGCGCGAGCGTTGTCCGGAATTATTGGGCGTAAAGAGCTTGTAGGCGGTTTGTCGCGTCTGCTGTGAAAGGCCGGGGCTTAACTCCGTGTATTGCAGTGGGTACGGGCAGACTAGAGTGCAGTAGGGGAGACTGGAATTCCTGGTGTAGCGGTGGAATGCGCAGATATCAGGAGGAACACCGATGGCGAAGGCAGGTCTCTGGGCTGTAACTGACGCTGAGAAGCGAAAGCATGGGGAGCGAACAGG,ASV82
Bacteria,Firmicutes,Bacilli,Lactobacillales,Streptococcaceae,Streptococcus,NA,TACGTAGGTCCCGAGCGTTATCCGGATTTATTGGGCGTAAAGCGAGCGCAGGCGGTTAGATAAGTCTGAAGTTAAAGGCTGTGGCTTAACCATAGTACGCTTTGGAAACTGTTTAACTTGAGTGCAAGAGGGGAGAGTGGAATTCCATGTGTAGCGGTGAAATGCGTAGATATATGGAGGAACACCGGTGGCGAAAGCGGCTCTCTGGCTTGTAACTGACGCTGAGGCTCGAAAGCGTGGGGAGCAAACAGG,ASV83
Bacteria,Actinobacteriota,Actinobacteria,Actinomycetales,Actinomycetaceae,Actinomyces,graevenitzii,TACGTAGGGCGCAAGCGTTGTCCGGAATTATTGGGCGTAAAGAGCTCGTAGGCGGCTGGTCGCGTCTGTCGTGAAAACTTCCGGCTCAACCGGGGGCTTGCGGTGGGTACGGGCCGGCTAGAGTGCGGTAGGGGTAACTGGAACTCCTGGTGTAGCGGTGGAATGCGCAGATATCAGGAAGAACACCGATGGCGAAGGCAGGTTACTGGGCCGTTACTGACGCTGAGGAGCGAAAGCGTGGGGAGCGAACAGG,ASV85
Bacteria,Fusobacteriota,Fusobacteriia,Fusobacteriales,Leptotrichiaceae,Leptotrichia,NA,TACGTATGTCGCGAGCGTTATCCGGAATTATTGGGCATAAAGGGCATCTAGGCGGCCTTTCAAGTCAGGGGTGAAAACCTGCGGCTCAACCGCAGGCCTGCCTTTGAAACTGATAGGCTGGAGTACCGGAGAGGTGGACGGAACTGCACGAGTAGAGGTGAAATTCGTAGATATGTGCAGGAATGCCGATGATGAAGATAGTTCACTGGACGGTAACTGACGCTGAAGTGCGAAAGCCGGGGGAGCGAACAGG,ASV88
Bacteria,Firmicutes,Negativicutes,Veillonellales-Selenomonadales,Selenomonadaceae,Selenomonas,sputigena,TACGTAGGTGGCGAGCGTTGTCCGGAATTATTGGGCGTAAAGGGAGCGCAGGCGGACATATAAGTCCATCTTAAAAGTGCGGGGCTCAACCCCGTGAGGGGATGGAAACTGTATGCCTTGAGTGCAGGAGAGGAAAGCGGAATTCCCAGTGTAGCGGTGAAATGCGTAGATATTGGGAGGAACACCAGTGGCGAAGGCGGCTTTCTGGACTGTAACTGACGCTGAGGCTCGAAAGCCAGGGGAGCGAACGGG,ASV91
Bacteria,Proteobacteria,Gammaproteobacteria,Burkholderiales,Neisseriaceae,Neisseria,NA,TACGTAGGGTGCGAGCGTTAATCGGAATTACTGGGCGTAAAGCGAGCGCAGACGGTTACTTAAGCAGGATGTGAAATCCCCGGGCTCAACCTGGGAACTGCGTTCTGAACTGGGTGACTAGAGTGTGTCAGAGGGAGGTAGAATTCCACGTGTAGCAGTGAAATGCGTAGAGATGTGGAGGAATACCGATGGCGAAGGCAGCCTCCTGGGATAACACTGACGTTCATGCCCGAAAGCGTGGGTAGCAAACAGG,ASV92
Bacteria,Firmicutes,Negativicutes,Veillonellales-Selenomonadales,Selenomonadaceae,Selenomonas,NA,TACGTAGGTGGCGAGCGTTGTCCGGAATCATTGGGCGTAAAGGGAGCGCAGGCGGGCCGGTAAGTCTTACTTAAAAGTGCGGGGCTCAACCCCGTGATGGGAGAGAAACTATCGGTCTTGAGTACAGGAGAGGAAAGCGGAATTCCCAGTGTAGCGGTGAAATGCGTAGATATTGGGAAGAACACCAGTGGCGAAGGCGGCTTTCTGGACTGCAACTGACGCTGAGGCTCGAAAGCCAGGGGAGCGAACGGG,ASV95
Bacteria,Firmicutes,Negativicutes,Veillonellales-Selenomonadales,Selenomonadaceae,Centipeda,NA,TACGTAGGTGGCGAGCGTTGTCCGGAATCATTGGGCGTAAAGGGAGCGCAGGCGGGCATGTAAGTCTTTCTTAAAAGTTCGGGGCTCAACCCCGTGATGGGAAAGAAACTACATGTCTTGAGTACAGGAGAGGAAAGCGGAATTCCCAGTGTAGCGGTGAAATGCGTAGATATTGGGAGGAACACCAGTGGCGAAGGCGGCTTTCTGGACTGCAACTGACGCTGAGGCTCGAAAGCCAGGGGAGCGAACGGG,ASV96
Bacteria,Firmicutes,Clostridia,Lachnospirales,Lachnospiraceae,Lachnoanaerobaculum,cf.,TACGTAGGGGGCAAGCGTTATCCGGATTTACTGGGTGTAAAGGGAGCGCAGACGGCAATGCAAGTCTGAAGTGAAAGGCGTGGGCTCAACCCATGAACTGCTTTGGAAACTGTATAGCTTGAGTGTCGGAGGGGTAAGCGGAATTCCTAGTGTAGCGGTGAAATGCGTAGATATTAGGAGGAACACCGGAGGCGAAGGCGGCTTACTGGACGACAACTGACGTTGAGGCTCGAAGGCGTGGGGAGCAAACAGG,ASV99
Bacteria,Firmicutes,Bacilli,Lactobacillales,Aerococcaceae,Abiotrophia,defectiva,TACGTAGGTGGCGAGCGTTGTCCGGATTTATTGGGCGTAAAGGGAGTGTAGGCGGTCTTTTAAGTCTGATGTGAAAGCCCACGGCTCAACCGTGGAGGGTCATTGGAAACTGGGAGACTTGAGTGCAGAAGAGGAGAGCGGAATTCCATGTGTAGCGGTGAAATGCGTAGATATATGGAGGAACACCAGTGGCGAAGGCGGCTCTCTGGTCTGTAACTGACGCTGAGGCTCGAAAGCGTGGGGAGCAAACAGG,ASV100
Bacteria,Actinobacteriota,Actinobacteria,Micrococcales,Micrococcaceae,Rothia,mucilaginosa,TACGTAGGGCGCGAGCGTTGTCCGGAATTATTGGGCGTAAAGAGCTTGTAGGCGGTTTGTCGCGTCTGCTGTGAAAGGCCGGGGCTTAACCCCGTGTATTGCAGTGGGTACGGGCAGACTAGAGTGCAGTAGGGGAGACTGGAACTCCTGGTGTAGCGGTGGAATGCGCAGATATCAGGAAGAACACCGATGGCGAAGGCAGGTCTCTGGGCTGTAACTGACGCTGAGAAGCGAAAGCATGGGGAGCGAACAGG,ASV103
Bacteria,Bacteroidota,Bacteroidia,Flavobacteriales,Weeksellaceae,Bergeyella,NA,TACGGAGGGTGCAAGCGTTATCCGGATTTATTGGGTTTAAAGGGTCCGTAGGTGGGCTGATAAGTCAGCGGTGAAATCCTGCAGCTTAACTGTAGAACTGCCGTTGATACTGTTAGTCTTGAGTGTATTTGAAGTGGCTGGAATAAGTAGTGTAGCGGTGAAATGCATAGATATTACTTAGAACACCAATTGCGAAGGCAGGTCACTAAGATACAACTGACGCTGAGGGACGAAAGCGTGGGGAGCGAACAGG,ASV106
Bacteria,Bacteroidota,Bacteroidia,Bacteroidales,Porphyromonadaceae,Porphyromonas,NA,TACGGAGGATGCGAGCGTTATCCGGATTTATTGGGTTTAAAGGGTGCGTAGGCGGTTTGTTAAGTCAGCGGTGAAATCTAGAGGCTCAACCTCGAAACTGCCGTTGAAACTGGCGAACTTGAGTGTAGATGAGGTAGGCGGAATTCGTGGTGTAGCGGTGAAATGCATAGATATCACGAGGAACTCCGATTGCGAAGGCAGCTTACTAAGGTACAACTGACGCTGAAGCACGAAAGCGTGGGTATCAAACAGG,ASV107
Bacteria,Actinobacteriota,Coriobacteriia,Coriobacteriales,Atopobiaceae,Atopobium,parvulum,TACGTAGGGGGCAAGCGTTATCCGGATTCATTGGGCGTAAAGCGCTCGTAGGCGGTCTGTTAGGTCGGGAGTTAAATCCGGGGGCTCAACCCCCGTTCGCTCCCGATACCGGCAGACTTGAGTTTGGTAGGGGAAGGTGGAATTCCTAGTGTAGCGGTGGAATGCGCAGATATTAGGAAGAACACCAGTGGCGAAGGCGGCCTTCTGGGCCATAACTGACGCTGAGGAGCGAAAGCTAGGGGAGCAAACAGG,ASV112
Bacteria,Bacteroidota,Bacteroidia,Bacteroidales,Prevotellaceae,Alloprevotella,NA,TACGGAAGGTCCAGGCGTTATCCGGATTTATTGGGTTTAAAGGGAGCGTAGGCGGATTGTTAAGTCAGCGGTTAAAGGGTGTGGCTCAACCATACATTGCCGTTGAAACTGGCGATCTTGAGTGCAGACAGGGATGCCGGAATTCGTGGTGTAGCGGTGAAATGCTTAGATATCACGAAGAACTCCGATCGCGAAGGCAGGTGTCCGGGCTGCAACTGACGCTGAGGCTCGAAAGTGTGGGTATCAAACAGG,ASV113
Bacteria,Campilobacterota,Campylobacteria,Campylobacterales,Campylobacteraceae,Campylobacter,concisus,TACGGAGGGTGCAAGCGTTACTCGGAATCACTGGGCGTAAAGGACGCGTAGGCGGATTATCAAGTCTCTTGTGAAATCCTATGGCTTAACCATAGAACTGCTTGGGAAACTGATAATCTAGAGTGAGGGAGAGGCAGATGGAATTGGTGGTGTAGGGGTAAAATCCGTAGAGATCACCAGGAATACCCATTGCGAAGGCGATCTGCTGGAACTCAACTGACGCTAATGCGTGAAAGCGTGGGGAGCAAACAGG,ASV115
Bacteria,Firmicutes,Clostridia,Lachnospirales,Lachnospiraceae,Lachnoanaerobaculum,orale/saburreum,TACGTAGGGGGCAAGCGTTATCCGGATTTACTGGGTGTAAAGGGAGCGCAGACGGCGAAGCAAGTCTGAAGTGAAATGCATGGGCTCAACCCATGAATTGCTTTGGAAACTGTTTGGCTTGAGTGTCGGAGGGGTAAGCGGAATTCCTAGTGTAGCGGTGAAATGCGTAGATATTAGGAGGAACACCGGAGGCGAAGGCGGCTTACTGGACGACAACTGACGTTGAGGCTCGAAGGCGTGGGGAGCAAACAGG,ASV116
Bacteria,Fusobacteriota,Fusobacteriia,Fusobacteriales,Fusobacteriaceae,Fusobacterium,hwasookii/nucleatum/periodonticum,TACGTATGTCACAAGCGTTATCCGGATTTATTGGGCGTAAAGCGCGTCTAGGTGGTTATGTAAGTCTGATGTGAAAATGCAGGGCTCAACTCTGTATTGCGTTGGAAACTGTGTAACTAGAGTACTGGAGAGGTAAGCGGAACTACAAGTGTAGAGGTGAAATTCGTAGATATTTGTAGGAATGCCGATGGGGAAGCCAGCTTACTGGACAGATACTGACGCTAAAGCGCGAAAGCGTGGGTAGCAAACAGG,ASV117
Bacteria,Firmicutes,Clostridia,Peptostreptococcales-Tissierellales,Peptostreptococcaceae,Peptostreptococcus,stomatis,TACGTAGGGGGCTAGCGTTATCCGGATTTACTGGGCGTAAAGGGTGCGTAGGTGGTCCTTCAAGTCGGTGGTTAAAGGCTACGGCTCAACCGTAGTAAGCCGCCGAAACTGGAGGACTTGAGTGCAGGAGAGGAAAGTGGAATTCCCAGTGTAGCGGTGAAATGCGTAGATATTGGGAGGAACACCAGTAGCGAAGGCGGCTTTCTGGACTGCAACTGACACTGAGGCACGAAAGCGTGGGTAGCAAACAGG,ASV120
Bacteria,Bacteroidota,Bacteroidia,Bacteroidales,Prevotellaceae,Prevotella,melaninogenica/scopos,TACGGAAGGTCCAGGCGTTATCCGGATTTATTGGGTTTAAAGGGAGCGTAGGCCGGAGATTAAGTGTGTTGTGAAATGTAGACGCTCAACGTCTGACTTGCAGCGCATACTGGTTTCCTTGAGTACGCACAACGTTGGCGGAATTCGTCGTGTAGCGGTGAAATGCTTAGATATGACGAAGAACTCCGATTGCGAAGGCAGCTGACGGGAGCGCAACTGACGCTTAAGCTCGAAGGTGCGGGTATCAAACAGG,ASV122
Bacteria,Firmicutes,Negativicutes,Veillonellales-Selenomonadales,Veillonellaceae,Veillonella,NA,TACGTAGGTGGCAAGCGTTGTCCGGAATTATTGGGCGTAAAGCGCGCGCAGGCGGATCTGCCAGTCTGTCTTAAAAGTTCGGGGCTCAACCCCGTGATGGGATGGAAACTACAGATCTAGAGTATCGGAGGGGAAAGTGGAATTCCTAGTGTAGCGGTGAAATGCGTAGATATTAGGAGGAACACCAGTGGCGAAGGCGACTTTCTGGACGATCACTGACGCTGAGGCGCGAAAGCCAGGGGAGCGAACGGG,ASV125
Bacteria,Fusobacteriota,Fusobacteriia,Fusobacteriales,Leptotrichiaceae,Leptotrichia,NA,TACGTATGTCGCGAGCGTTATCCGGAATTATTGGGCATAAAGGGCATCTAGGCGGCCAGATAAGTCCGAGGTGAAAACTGCCGGCTCAACCAGCAGCTTGCCTTGGAAACTACCTGGCTAGAGTATTGGAGAGGTGGACGGAACTACACGAGTAGAGGTGAAATTCGTAGATATGTGTAGGAATGCCGATGATGAAGATAGTTCACTGGACGATAACTGACGCTGAAGTGCGAAAGCTAGGGGAGCGAACAGG,ASV127
Bacteria,Firmicutes,Bacilli,Erysipelotrichales,Erysipelotrichaceae,Solobacterium,moorei,TACGTAGGTGGCGAGCGTTATCCGGAATTATTGGGCGTAAAGGGTGCGTAGGCGGCCTGTTAAGTAAGTGGTTAAATTGTTGGGCTCAACCCAATCCAGCCACTTAAACTGGCAGGCTAGAGTATTGGAGAGGCAAGTGGAATTCCATGTGTAGCGGTAAAATGCGTAGATATATGGAGGAACACCAGTGGCGAAGGCGGCTTGCTAGCCAAAGACTGACGCTCATGCACGAAAGCGTGGGGAGCAAATAGG,ASV136
Bacteria,Firmicutes,Clostridia,Clostridia_UCG-014,NA,NA,NA,TACATATGGGGCGAGCGTTATCCGGATTTATTGGGTGTAAAGGGTGCGTAGGCGGGAAAATAAGTCAGTATGTGAAATCCCTCGGCTCAACTGAGGAACTGCAACTGAAACTATTTTTCTTGAGTGTTGAAGGGGAAAGTGGAATTCCTAGTGTAGCGGTGAAATGCGTAGAGATTAGGAGGAACACCAGTGGCGAAGGCGACTTTCTGGGCAACAACTGACGCTGAGGCACGAAAGTGTGGGGAGCAAACAGG,ASV139
Bacteria,Fusobacteriota,Fusobacteriia,Fusobacteriales,Leptotrichiaceae,Leptotrichia,NA,TACGTATGTCGCAAGCGTTATCCGGAATTATTGGGCATAAAGGGCATCTAGGCGGATATACAAGTCAGGGGTGAAAACTTAGGGCTCAACTCAAAGCTTGCCTTTGAAACTGTATATCTAGAGTGCTGGAGAGGTGGACGGAACTACACGAGTAGAGGTGAAATTCGTAGATATGTGTAGGAATGCCGATGATGAAGATAGTCCACTGGACAGCAACTGACGCTGAAGTGCGAAAGCTAGGGGAGCAAACAGG,ASV141
Bacteria,Bacteroidota,Bacteroidia,Bacteroidales,Prevotellaceae,Alloprevotella,rava,TACGGAAGGTCCAGGCGTTATCCGGATTTATTGGGTTTAAAGGGAGCGTAGGCGGACGATTAAGTCAGCTGTGAAAGTTTGCGGCTCAACCGTAAAATTGCAGTTGAAACTGGTTGTCTTGAGTGCACGCAGGGATGTTGGAATTCATGGTGTAGCGGTGAAATGCTTAGATATCATGAAGAACTCCGATCGCGAAGGCATATGTCCGGAGTGCAACTGACGCTGAGGCTCGAAAGTGCGGGTATCGAACAGG,ASV142
Bacteria,Campilobacterota,Campylobacteria,Campylobacterales,Campylobacteraceae,Campylobacter,rectus/showae,TACGGAGGGTGCAAGCGTTACTCGGAATCACTGGGCGTAAAGGACGCGTAGGCGGATTATCAAGTCTCTTGTGAAATCTAACGGCTTAACCGTTAAACTGCTTGGGAAACTGATAATCTAGAGTAAGGGAGAGGCAGATGGAATTCTTGGTGTAGGGGTAAAATCCGTAGAGATCAAGAAGAATACCCATTGCGAAAGCGATCTGCTGGAACTTAACTGACGCTAATGCGTGAAAGCGTGGGGAGCAAACAGG,ASV144
Bacteria,Firmicutes,Clostridia,Lachnospirales,Lachnospiraceae,Oribacterium,sinus,TACGTAGGGGGCAAGCGTTATCCGGATTTACTGGGTGTAAAGGGAGCGTAGACGGAATGGCAAGTCTGAAGTGAAATACCCGGGCTCAACCTGGGAACTGCTTTGGAAACTGTTGTTCTAGAGTGTTGGAGAGGTAAGTGGAATTCCTGGTGTAGCGGTGAAATGCGTAGATATCAGGAAGAACACCGGAGGCGAAGGCGGCTTACTGGACAATAACTGACGTTGAGGCTCGAAAGCGTGGGGATCAAACAGG,ASV145
Bacteria,Firmicutes,Clostridia,Lachnospirales,Lachnospiraceae,Stomatobaculum,NA,TACGTAGGGGGCAAGCGTTATCCGGATTTACTGGGTGTAAAGGGAGCGCAGACGGTTGCGCAAGTCTGAAGTGAAATCCCGAGGCTTAACCACGGGACTGCTTTGGAAACTGTGCGACTTGAGTATCGGAGGGGCAGGCGGAATTCCTAGTGTAGCGGTGAAATGCGTAGATATTAGGAAGAACACCGGTGGCGAAGGCGGCCTGCTGGACGAAAACTGACGTTGAGGCTCGAAGGCGTGGGGAGCAAACAGG,ASV155
Bacteria,Firmicutes,Clostridia,Lachnospirales,Lachnospiraceae,Stomatobaculum,longum,TACGTAGGGGGCAAGCGTTATCCGGATTTACTGGGTGTAAAGGGAGCGCAGACGGCTCTGCAAGTCTGAAGTGAAAGCCCGCGGCTTAACCGCGGGACTGCTTTGGAAACTGCAAGGCTTGAGTATCGGAGGGGCAGGCGGAATTCCTAGTGTAGCGGTGAAATGCGTAGATATTAGGAAGAACACCGGTGGCGAAGGCGGCCTGCTGGACGAAAACTGACGTTGAGGCTCGAAGGCGTGGGGAGCAAACAGG,ASV156
Bacteria,Actinobacteriota,Actinobacteria,Actinomycetales,Actinomycetaceae,Actinomyces,NA,TACGTAGGGTGCGAGCGTTGTCCGGAATTATTGGGCGTAAAGGGCTTGTAGGCGGTTTGTCGCGTCTGCCGTGAAATCCTCTGGCTTAACTGGGGGCGTGCGGTGGGTACGGGCAGGCTTGAGTGCGGTAGGGGAGACTGGAACTCCTGGTGTAGCGGTGGAATGCGCAGATATCAGGAAGAACACCGGTGGCGAAGGCGGGTCTCTGGGCCGTTACTGACGCTGAGGAGCGAAAGCGTGGGGAGCGAACAGG,ASV169
Bacteria,Proteobacteria,Gammaproteobacteria,Pasteurellales,Pasteurellaceae,Actinobacillus,NA,TACGGGGGGTGCGAGCGTTAATCGGAATAACTGGGCGTAAAGGGCACGCAGGCGGTGACTTAAGTGAGATGTGAAAGCCCCGAGCTTAACTTGGGAATTGCATTTCATACTGGGTCGCTAGAGTACTTTAGGGAGGGGTAGAATTCCACGTGTAGCGGTGAAATGCGTAGAGATGTGGAGGAATACCGAAGGCGAAGGCAGCCCCTTGGGAATGTACTGACGCTCATGTGCGAAAGCGTGGGGAGCAAACAGG,ASV178
Bacteria,Firmicutes,Clostridia,Lachnospirales,Lachnospiraceae,NA,NA,TACGTAGGGGGCAAGCGTTATCCGGATTTACTGGGTGTAAAGGGAGCGCAGACGGCTTGGCAAGTCTGAAGTGAAAGCCCGGGGCTTAACCCCGGGACTGCTTTGGAAACTGTGAAGCTAGAGTGTCGGAGAGGTAAGTGGAATTCCCAGTGTAGCGGTGAAATGCGTAGATATTGGGAGGAACACCGGTGGCGAAGGCGGCTTACTGGACGATAACTGACGTTGAGGCTCGAAGGCGTGGGGAGCAAACAGG,ASV181
Bacteria,Bacteroidota,Bacteroidia,Bacteroidales,Porphyromonadaceae,Porphyromonas,endodontalis,TACGGAGGATACGAGCGTTATCCGGAATTATTGGGTTTAAAGGGTGCGTAGGTGGCGTATTAAGTCAGTGGTGAAAAGCTGCAGCTCAACTGTAGTCTTGCCGTTGAAACTGATATGCTAGAGAGGAGACGAGGTATGCGGAATGTGTGGTGTAGCGGTGAAATGCATAGATATCACACAGAACGCCGATTGCGAAGGCAGCGTACCAGGCTCCGTCTGACACTGAAGCACGAAAGCGTGGGGATCAAACAGG,ASV197
Bacteria,Firmicutes,Clostridia,Peptostreptococcales-Tissierellales,Anaerovoracaceae,NA,NA,TACGTAGGGGGCGAGCGTTATCCGGAATTATTGGGCGTAAAGAGTGCGTAGGTGGCACCTTAAGCGCAGGGTTTAAGGCAATGGCTCAACCATTGTTCGCCTTGCGAACTGGGGTGCTTGAGTGCAGGAGGGGAAAGTGGAATTCCTAGTGTAGCGGTGAAATGCGTAGATATTAGGAGGAACACCAGTGGCGAAGGCGACTTTCTGGACTGTTACTGACACTGAGGCACGAAAGCGTGGGGAGCAAACAGG,ASV203
Bacteria,Proteobacteria,Gammaproteobacteria,Burkholderiales,Neisseriaceae,Neisseria,meningitidis,TACGTAGGGTGCGAGCGTTAATCGGAATTACTGGGCGTAAAGCGGGCGCAGACGGTTACTTAAGCAGGATGTGAAATCCCCGGGCTCAACCTGGGAACTGCGTTCTGAACTGGGTGACTAGAGTGTGTCAGAGGGAGGTAGAATTCCACGTGTAGCAGTGAAATGCGTAGAGATGTGGAGGAATACCGATGGCGAAGGCAGCCTCCTGGGATAACACTGACGTTCATGCTCGAAAGCGTGGGTAGCAAACAGG,ASV212
Bacteria,Firmicutes,Clostridia,Clostridia_UCG-014,NA,NA,NA,TACGTAGGGAGCGAGCGTTATCCGGATTTATTGGGTGTAAAGGGTGCGTAGACGGAAATGCAAGTTAGTTGTGAAATACCTCGGCTTAACTGAGGAACTGCAACTAAAACTATATTTCTTGAGTATCGGAGGGGTTTGTGGAATTCCTAGTGTAGCGGTGAAATGCGTAGATATTAGGAAGAACACCGGTGGCGAAGGCGACAAACTGGACGATAACTGACGTTGAGGCACGAAAGTGTGGGGAGCAAACAGG,ASV223
Bacteria,Firmicutes,Clostridia,Lachnospirales,Lachnospiraceae,Oribacterium,asaccharolyticum,TACGTAGGGGGCAAGCGTTATCCGGATTTACTGGGTGTAAAGGGAGCGTAGACGGAGTGGCAAGTCTGAAGTGAAAACCCTGGGCTTAACCTGGGGACTGCTTTGGAAACTGTTAATCTAGAGTGTTGGAGAGGTAAGTGGAATTCCTGGTGTAGCGGTGAAATGCGTAGATATCAGGAAGAACACCGGAGGCGAAGGCGGCTTACTGGACAATAACTGACGTTGAGGCTCGAAAGCGTGGGGATCAAACAGG,ASV247
Bacteria,Bacteroidota,Bacteroidia,Bacteroidales,Paludibacteraceae,F0058,NA,TACGGAGGATGCAAGCGTTATCCGGATTTATTGGGTTTAAAGGGTGCGTAGGCGGTATTACAAGTCAGGGGTGAAATCTTGGTGCTTAACATTAAAATTGCCTTTGAAACTGTGGTACTTGAGTGTAAAAGAGGTAGGCGGAATGTGTTGTGTAGCGGTGAAATGCATAGATATAACACAGAACCCCGATTGCGAAGGCAGCTTACTATCATACAACTGACGCTGATGCACGAAAGCGTGGGGATCAAACAGG,ASV255
Bacteria,Firmicutes,Clostridia,Lachnospirales,Lachnospiraceae,Oribacterium,parvum,TACGTAGGGGGCAAGCGTTATCCGGATTTACTGGGTGTAAAGGGAGCGTAGACGGAATGGCAAGTCTGAAGTGAAAACCCCGGGCTCAACCTGGGGACTGCTTTGGAAACTGTTGTTCTAGAGTGTTGGAGAGGTAAGTGGAATTCCTGGTGTAGCGGTGAAATGCGTAGATATCAGGAAGAACACCGGAGGCGAAGGCGGCTTACTGGACAATAACTGACGTTGAGGCTCGAAAGCGTGGGGATCAAACAGG,ASV256
Bacteria,Bacteroidota,Bacteroidia,Bacteroidales,Prevotellaceae,Prevotella,NA,TACGGAAGGTCCTGGTGTTATCCGGATTTATTGGGTTTAAAGGGAGCGTAGGCCGTAGATTAAGTGTGTTGTGAAATGTAGGCGCCCAACGTCTGCCTTGCAGCGCAAACTGGTTTACTTGAGTACGCGCAACGCAGGCGGAATTCGTCGTGTAGCGGTGAAATGCTTAGATATGACGAAGAACTCCTATTGCGAAGGCAGCTTGCGGGAGCGTTACTGACGCTGAAGCTCGAAAGTGCGGGTATCGAACAGG,ASV270
Bacteria,Firmicutes,Clostridia,Lachnospirales,Lachnospiraceae,Catonella,NA,TACGTAGGGGGCAAGCGTTATCCGGATTTACTGGGTGTAAAGGGAGCGCAGGCGGTTTGGCAAGTTGAGAGTGGAAGCAGGGGGCTCAACCCCCTGACTGCTCCCAAAACTGTTAAACTTGAGTATGGGAGAGGCAGGCGGAATTCCTAGTGTAGCGGTGAAATGCTTAGATATTAGGAAGAACACCGGTGGCGAAGGCGGCCTGCTGGACCAAAACTGACGCTGAGGCTCGAAAGCGTGGGTAGCAAACAGG,ASV278
Bacteria,Proteobacteria,Gammaproteobacteria,Pasteurellales,Pasteurellaceae,NA,NA,TACGGGGGGTGCGAGCGTTAATCGGAATAACTGGGCGTAAAGGGCACGCAGGCGGTGACTTAAGTGAGGTGTGAAAGCCCCGGGCTTAACCTGGGAATTGCATTTCATACTGGGTCGCTAGAGTACTTTAGGGAGGGGTAGAATTCCACGTGTAGCGGTGAAATGCGTAGAGATGTGGAGGAATACCGAAGGCGAAGGCAGCCCCTTGGGAATGTACTGACGCTCATGTGCGAAAGCGTGGGGAGCAAACAGG,ASV300
Bacteria,Bacteroidota,Bacteroidia,Bacteroidales,Prevotellaceae,Prevotella,NA,TACGGAAGGTCCTGGTGTTATCCGGATTTATTGGGTTTAAAGGGAGCGTAGGCCGCAGATTAAGTGTGTTGTGAAATTCAGGCGCCCAACGTCTGACTTGCAGCGCAAACTGGTCTGCTTGAGTTCGCGCAACGCAGGCGGAATTCGTCGTGTAGCGGTGAAATGCTTAGATATGACGAAGAACTCCGATTGCGAAGGCAGCTTGCGGGAGCGTTACTGACGCTGAAGCTCGAAAGTGCGGGTATCGAACAGG,ASV305
Bacteria,Firmicutes,Clostridia,Peptostreptococcales-Tissierellales,Anaerovoracaceae,Mogibacterium,NA,TACGTAGGGGGCAAGCGTTATCCGGAATTATTGGGCGTAAAGAGTGCGTAGGTGGTTACCTAAGCGCAAGGTTTAATTTAGAGGCTCAACCTCTACTTGCCTTGCGAACTGGGCTACTTGAGTGCAGGAGGGGAAAGCGGAATTCCTAGTGTAGCGGTGAAATGCGTAGATATTAGGAGGAACACCAGCGGCGAAGGCGGCTTTCTGGACTGTAACTGACACTGAGGCACGAAAGCGTGGGTAGCAAACAGG,ASV341
Bacteria,Firmicutes,Clostridia,Peptococcales,Peptococcaceae,Peptococcus,NA,AACATAGGGGGCAAGCGTTGTCCGGAATCACTGGGCGTAAAGGGCGCGCAGGCGGTAAATTAAGTCAGGTGTGAAAGTTCGGGGCTCAACCCCGTGATTGCACCTGATACTGATAAACTAGAGTGTTGGAGAGGTAAGTGGAATTCCTAGTGTAGCGGTGGAATGCGTAGATATTAGGAGGAACACCAGTGGCGAAGGCGACTTACTGGCCAATAACTGACGCTGAGGCGCGAAAGCGTGGGGAGCAAACAGG,ASV346
Bacteria,Firmicutes,Clostridia,Lachnospirales,Lachnospiraceae,Butyrivibrio,NA,TACGTATGGAGCAAGCGTTATCCGGATTTACTGGGTGTAAAGGGAGCGCAGACGGATATGCAAGTCTGAAGTGAAACCCCACGGCTCAACCGTGGGCTTGCTTTGGAAACTGTAGATCTAGAGTACTGGAGAGGTAAGCGGAATTCCTGGTGTAGCGGTGAAATGCGTAGATATCAGGAAGAACATCGGCGGCGAAGGCGGCTTACTGGACAGCAACTGACGTTGAGGCTCGAAGGCGTGGGGAGCAAACAGG,ASV448
